{
	"$schema": "https://schema.management.azure.com/schemas/2019-04-01/deploymentParameters.json#",
	"contentVersion": "1.0.0.0",
	"parameters": {
		"administratorLogin": {
			"value": "GEN-UNIQUE"
		},
		"administratorLoginPassword": {
			"value": "GEN-PASSWORD"
		},
		"serverName": {
			"value": "GEN-UNIQUE"
		},
		"elasticPoolName": {
			"value": "GEN-UNIQUE"
		},
		"edition": {
			"value": "Standard"
		},
		"capacity": {
			"value": 100
		},
		"databaseCapacityMin": {
			"value": 0
		},
		"databaseCapacityMax": {
			"value": 100
		},
		"databasesNames": {
			"value": [
				"GEN-UNIQUE",
				"GEN-UNIQUE"
			]
		},
		"databaseCollation": {
			"value": "SQL_Latin1_General_CP1_CI_AS"
		}
	}
}